slug,input,poster_at,preview_at,orientation
premier-league-highlights,video-src/Premier+highlight+Final.mp4,92,50,landscape
talha-success-story,video-src/Talha+Success+Story+final.mp4,84,105,landscape
touchstone-brand-film,video-src/Final+Video.mp4,54,82,landscape
clothing-campaign-launch,video-src/1.mp4,25,18,portrait
clothing-brand-reel,video-src/Final+Reel+1.mp4,13,33,portrait
clothing-behind-the-shoot,video-src/3.Shoot+for+Clothing+brand+.mp4,7,13,portrait
clothing-lifestyle-campaign,video-src/4.Clothing+Brand+.mp4,8,11,portrait
khais-brand-reel,video-src/2nd+Reel-.mp4,7,4,portrait
khais-product-shoot,video-src/2.Shoot+For+khais+.mp4,5,9,portrait
tax-smart-promo,video-src/Tax+Smart.mp4,16,23,portrait
emarat-property-film,video-src/5.Emaraat+Developers+.mp4,21,24,portrait
dr-shandana-healthcare,video-src/Dr+Shandana+v4.mp4,34,51,landscape
breast-cancer-awareness,video-src/Breast+Cancer+re.mp4,49,12,landscape
kudsiya-bridal,video-src/Kudsiya+Song.mp4,28,101,landscape
property-walkthrough,~/Downloads/alidata/Final Video 2.mp4,65,28,landscape
reliablebits-netsuite-vs-custom,~/Downloads/alidata/Final Video 1.mp4,8,70,portrait
reliablebits-we-build-it,~/Downloads/alidata/Final.mp4,15,30,portrait
mothers-day-film,~/Downloads/alidata/Mothers day v2.mp4,47,20,landscape
roots-international-event,~/Downloads/alidata/Roots Final Event Re.mp4,26,90,landscape
iftar-dinner-event,~/Downloads/alidata/Aftar_1 reeee.mp4,48,7,landscape
khushhali-anniversary-event,~/Downloads/alidata/Final highlight re.mp4,40,119,landscape
eastern-wear-lookbook,~/Downloads/alidata/v1.mp4,32,12,portrait
storytelling-masterclass,~/Downloads/alidata/Final Cut Sony work shop.mp4,14,37,landscape
bushra-hussain-wedding,video-src/newalidata/bushra-hussain.mp4,17,46,landscape
ioa-talks-interview,video-src/newalidata/highlight-v3.mp4,11,28,landscape
dr-kaleeq-health-talk,video-src/newalidata/dr-kaleeq.mp4,27,54,landscape
premier-league-part-2,video-src/newalidata/premier-league-part-2.mp4,90,15,landscape
touchstone-intern-story,video-src/newalidata/touchstone-mentorship.mp4,27,36,portrait
touchstone-office-tour,video-src/newalidata/touchstone-office-tour.mp4,26,46,landscape
